Edges,Triangles,Count
0,0,1
1,0,45
2,0,990
3,0,14070
3,1,120
4,0,143955
4,1,5040
5,0,1119699
5,1,100800
5,2,1260
6,0,6823110
6,1,1266720
6,2,55020
6,4,210
7,0,33117930
7,1,11125800
7,2,1110060
7,3,17640
7,4,8190
8,0,129059865
8,1,71951040
8,2,13664700
8,3,718200
8,4,151830
8,5,7560
9,0,404512735
9,1,351961680
9,2,114126600
9,3,13258000
9,4,2020200
9,5,281400
9,7,2520
10,0,1016576694
10,1,1318626000
10,2,680320620
10,3,146059200
10,4,23436000
10,5,4891320
10,6,189000
10,7,88200
10,10,252
11,0,2033724420
11,1,3793928040
11,2,2965685940
11,3,1063843200
11,4,229927320
11,5,55581120
11,6,6312600
11,7,1461600
11,8,122850
11,10,8820
12,0,3204387270
12,1,8343073200
12,2,9533981520
12,3,5363754480
12,4,1716185730
12,5,479167080
12,6,96681900
12,7,18711000
12,8,3849825
12,9,37800
12,10,179340
12,11,12600
13,0,3923374140
13,1,13869883440
13,2,22537197900
13,3,19059503400
13,4,9178178310
13,5,3239293680
13,6,924860160
13,7,210180600
13,8,56244825
13,9,4573800
13,10,2503620
13,11,393120
13,12,9450
13,13,12600
14,0,3677867280
14,1,17151830640
14,2,38711263500
14,3,47736523800
14,4,34299783000
14,5,16515414720
14,6,6226247160
14,7,1856712240
14,8,553848750
14,9,106394400
14,10,26929980
14,11,7502040
14,12,636300
14,13,378000
14,16,3150
15,0,2604540840
15,1,15463568400
15,2,47395756800
15,3,83160100800
15,4,87919513500
15,5,60204493440
15,6,30312172800
15,7,11988919800
15,8,4181935800
15,9,1224295800
15,10,294191184
15,11,96570600
15,12,14412510
15,13,6178200
15,14,680400
15,16,94500
15,20,210
16,0,1384388820
16,1,9945996480
16,2,40356625680
16,3,98401224600
16,4,150724361340
16,5,149580141480
16,6,104009203620
16,7,55095241320
16,8,24002300700
16,9,9077475960
16,10,2828130480
16,11,906534720
16,12,221132520
16,13,73558800
16,14,17540460
16,15,786240
16,16,1597050
16,17,176400
16,20,6300
17,0,557749395
17,1,4478468400
17,2,23280362280
17,3,76637473920
17,4,167008441320
17,5,241119650520
17,6,239538568500
17,7,173860825320
17,8,99465733305
17,9,47497889880
17,10,19346172300
17,11,7002878400
17,12,2269267560
17,13,705441240
17,14,239808240
17,15,36862560
17,16,17892000
17,17,4611600
17,18,201600
17,19,214200
17,20,78750
17,21,12600
18,0,176589840
18,1,1399149360
18,2,8918834400
18,3,37979991000
18,4,114691319610
18,5,238901942160
18,6,346278267720
18,7,357408878400
18,8,278695024650
18,9,173981884440
18,10,90996126480
18,11,41302171680
18,12,16264514350
18,13,5845068600
18,14,2181380880
18,15,595876680
18,16,182563290
18,17,69174000
18,18,9601200
18,19,5140800
18,20,537600
18,21,386400
18,22,54600
18,23,16800
19,0,46501560
19,1,306122040
19,2,2269171800
19,3,11676722400
19,4,46820592000
19,5,137081412720
19,6,290961011880
19,7,440701306920
19,8,490394403450
19,9,418285526400
19,10,288150481080
19,11,167459571720
19,12,84126250530
19,13,36634764600
19,14,14981771700
19,15,5673192840
19,16,1842111810
19,17,683716320
19,18,177609600
19,19,69539400
19,20,13497750
19,21,4800600
19,22,1669500
19,23,403200
19,25,12600
19,26,12600
20,0,10626840
20,1,47733840
20,2,399200760
20,3,2234862000
20,4,11046142800
20,5,43314306840
20,6,130869915120
20,7,294615669600
20,8,487008328275
20,9,600360503400
20,10,572182453080
20,11,441869039640
20,12,287171094420
20,13,161056350000
20,14,79189141500
20,15,35508929400
20,16,14422802625
20,17,5548223520
20,18,2004174900
20,19,690757200
20,20,233108946
20,21,48888000
20,22,30214800
20,23,6829200
20,24,926100
20,25,302400
20,26,302400
20,30,2520
21,0,2113560
21,1,5014800
21,2,52424820
21,3,284495400
21,4,1526842800
21,5,7360990560
21,6,29695202460
21,7,96196116240
21,8,239288931000
21,9,447670850760
21,10,631141922040
21,11,688327766280
21,12,606501606060
21,13,446785399200
21,14,282908699880
21,15,157787572320
21,16,78614185860
21,17,35312673480
21,18,14885898300
21,19,5842963560
21,20,2367013320
21,21,665901000
21,22,305421900
21,23,87918600
21,24,25795350
21,25,7119000
21,26,4132800
21,27,718200
21,30,60480
21,35,120
22,0,347760
22,1,277200
22,2,5065200
22,3,27747720
22,4,133660800
22,5,712257840
22,6,3362013900
22,7,14428701360
22,8,51512736240
22,9,146937939120
22,10,322034031900
22,11,538061617800
22,12,693624084930
22,13,713721967560
22,14,607631839560
22,15,441192747240
22,16,280870830450
22,17,158339721960
22,18,80198361180
22,19,37130224320
22,20,16139408040
22,21,6607593000
22,22,2527755300
22,23,1013657400
22,24,330400350
22,25,110176920
22,26,40030200
22,27,16077600
22,28,2384550
22,29,1008000
22,30,544320
22,31,151200
22,35,2880
23,0,42840
23,2,277200
23,3,2331000
23,4,8127000
23,5,42890400
23,6,223544160
23,7,1006160400
23,8,4690841400
23,9,18572311800
23,10,62779198860
23,11,166450321800
23,12,342832190400
23,13,543499034400
23,14,678744816300
23,15,686374267320
23,16,584310681360
23,17,429968410200
23,18,279179264700
23,19,162025781400
23,20,84625936290
23,21,40568948640
23,22,17897985000
23,23,7897100400
23,24,3036341700
23,25,1288266840
23,26,430252200
23,27,176563800
23,28,57320550
23,29,18156600
23,30,3551940
23,31,3714480
23,32,472500
23,33,226800
23,35,25560
23,36,7560
24,0,3360
24,3,126000
24,4,516600
24,5,1338120
24,6,9553320
24,7,43545600
24,8,199659600
24,9,937192200
24,10,4177273800
24,11,16580932200
24,12,55265565600
24,13,145257025200
24,14,297391342500
24,15,473354955360
24,16,597377242665
24,17,617244906600
24,18,538379723700
24,19,409821883800
24,20,277008720870
24,21,167079575880
24,22,91150307400
24,23,45422559000
24,24,21062065500
24,25,9351397440
24,26,3890434380
24,27,1593576600
24,28,696515400
24,29,236355000
24,30,71811180
24,31,32976720
24,32,11666025
24,33,3969000
24,34,365400
24,35,325920
24,36,329610
24,38,12600
25,0,126
25,4,28350
25,5,37800
25,6,152460
25,7,1209600
25,8,5688900
25,9,22289400
25,10,119442960
25,11,529169760
25,12,2437000020
25,13,10049848200
25,14,35161131600
25,15,96880512960
25,16,209498064930
25,17,351690436440
25,18,469316773800
25,19,510756031800
25,20,470065477140
25,21,376890937920
25,22,268503291000
25,23,171811117800
25,24,98916459075
25,25,51676017120
25,26,25405030980
25,27,11433328200
25,28,4998089250
25,29,2223522000
25,30,923835780
25,31,323643600
25,32,161314965
25,33,45511200
25,34,16795800
25,35,4009320
25,36,4079250
25,37,189000
25,38,233100
25,39,75600
25,40,40320
25,41,12600
26,5,2520
26,8,110250
26,9,352800
26,10,1512000
26,11,7686000
26,12,40625550
26,13,182019600
26,14,876342600
26,15,3934700280
26,16,15296348340
26,17,47213235720
26,18,114338435400
26,19,214458418440
26,20,317349722340
26,21,378097962480
26,22,377417415060
26,23,326400883200
26,24,249408790470
26,25,171432434880
26,26,105538266540
26,27,59520540240
26,28,30619631700
26,29,14422161600
26,30,6638433480
26,31,3032847720
26,32,1244963160
26,33,515075400
26,34,245754180
26,35,74153520
26,36,37663920
26,37,11367720
26,38,1505700
26,39,1897560
26,40,685440
26,41,214200
26,44,9450
26,45,7560
27,10,23940
27,12,267750
27,13,1377600
27,14,7276500
27,15,34713000
27,16,183490650
27,17,884192400
27,18,4083151800
27,19,15147044640
27,20,44062721220
27,21,98771349600
27,22,172152387960
27,23,236923577520
27,24,266647935960
27,25,255303805680
27,26,214876116000
27,27,160653140200
27,28,108549590940
27,29,66100037640
27,30,36687438900
27,31,18561228000
27,32,9036311970
27,33,4072730760
27,34,1744404480
27,35,829344600
27,36,322345800
27,37,169006320
27,38,39662280
27,39,27734280
27,40,7549920
27,41,3616200
27,42,630000
27,44,160650
27,45,128520
27,50,1260
28,15,141120
28,16,452970
28,17,2998800
28,18,20065500
28,19,102022200
28,20,544191480
28,21,2681172000
28,22,10127035800
28,23,29594098800
28,24,66139196130
28,25,112992785640
28,26,153280111320
28,27,170462086200
28,28,161726317200
28,29,136115894880
28,30,102339190800
28,31,68809582800
28,32,42169032675
28,33,23444782200
28,34,12088729800
28,35,5692645800
28,36,2609485830
28,37,1231549200
28,38,510029100
28,39,217090440
28,40,93129120
28,41,47761560
28,42,19964700
28,43,3679200
28,44,1839600
28,45,1126440
28,46,393120
28,50,21420
28,56,45
29,20,1089900
29,21,3936240
29,22,32130000
29,23,189667800
29,24,1045985850
29,25,4468746240
29,26,14215929840
29,27,34081450200
29,28,61469220150
29,29,86302881000
29,30,98988132600
29,31,96633318600
29,32,83036177280
29,33,63775215000
29,34,44021898900
29,35,27629700480
29,36,15453376470
29,37,8054996040
29,38,3986967600
29,39,1770274800
29,40,847965195
29,41,311759280
29,42,195458580
29,43,61147800
29,44,24595200
29,45,14719320
29,46,7305480
29,47,1524600
29,48,680400
29,50,103320
29,51,68040
29,56,765
30,24,378000
30,25,4453344
30,26,30528120
30,27,210083160
30,28,1171251900
30,29,4440655800
30,30,12795966540
30,31,26285899920
30,32,41321823690
30,33,51040319400
30,34,53083125900
30,35,48200720040
30,36,38715339600
30,37,27927867240
30,38,18036370800
30,39,10714208400
30,40,5741919750
30,41,2763448800
30,42,1292440860
30,43,628185600
30,44,253024800
30,45,120456000
30,46,47027820
30,47,24711120
30,48,10779300
30,49,3099600
30,50,1877400
30,51,1315440
30,52,15120
30,53,126000
30,56,3600
30,57,2520
31,28,138600
31,29,1096200
31,30,18586260
31,31,127804320
31,32,759335220
31,33,2891649600
31,34,7920940860
31,35,15153778080
31,36,22221404730
31,37,25609003560
31,38,25477288200
31,39,22262446080
31,40,17096957640
31,41,11827194120
31,42,7373227680
31,43,4155526800
31,44,2121906150
31,45,1045800000
31,46,442525860
31,47,194672520
31,48,93315600
31,49,47824560
31,50,16111620
31,51,7209720
31,52,2223900
31,53,2230200
31,54,695520
31,55,272160
31,56,141120
31,57,23040
31,59,5040
32,32,20475
32,33,201600
32,34,3477600
32,35,41766480
32,36,279713700
32,37,1216436760
32,38,3529632960
32,39,6898099320
32,40,9948106350
32,41,11514925800
32,42,11273154480
32,43,9696002400
32,44,7380058140
32,45,5010453000
32,46,3027376800
32,47,1645015680
32,48,865445490
32,49,372786120
32,50,167411160
32,51,79493400
32,52,30702420
32,53,11468520
32,54,10073700
32,55,2449440
32,56,1256850
32,57,128520
32,58,279720
32,59,171360
32,60,94500
32,62,6300
33,36,2100
33,38,371700
33,39,3843000
33,40,51852465
33,41,296609040
33,42,1068820200
33,43,2446113600
33,44,3762556140
33,45,4557403200
33,46,4665500700
33,47,4061269800
33,48,3107569500
33,49,2110992240
33,50,1314298440
33,51,702689400
33,52,329260050
33,53,158083800
33,54,74719680
33,55,25522560
33,56,12743010
33,57,5317200
33,58,2173500
33,59,1174320
33,60,1008000
33,62,56700
33,63,12600
33,64,37800
33,65,15960
33,66,5040
34,42,12600
34,43,88200
34,44,2504250
34,45,29504160
34,46,178904880
34,47,580759200
34,48,1133678700
34,49,1548136800
34,50,1721936160
34,51,1601447400
34,52,1304284590
34,53,898770600
34,54,560706300
34,55,316086120
34,56,159742170
34,57,66079440
34,58,23373000
34,59,15989400
34,60,4460400
34,61,3099600
34,62,181440
34,63,315000
34,64,340200
34,65,143640
34,66,45360
34,70,3780
34,71,2520
35,48,31500
35,49,421200
35,50,8142624
35,51,60026400
35,52,215497170
35,53,389428200
35,54,536974200
35,55,566745480
35,56,498447810
35,57,385371000
35,58,253990800
35,59,144496800
35,60,72464742
35,61,35476560
35,62,13730220
35,63,5821200
35,64,667800
35,65,1688400
35,66,541800
35,67,166320
35,70,34020
35,71,22680
35,77,360
36,54,28000
36,55,681240
36,56,9646065
36,57,51009840
36,58,106990800
36,59,153369720
36,60,169262100
36,61,148654800
36,62,106640100
36,63,71101800
36,64,39872700
36,65,16219560
36,66,7907340
36,67,2857680
36,68,1358700
36,69,332640
36,70,7560
36,71,133560
36,72,85680
36,77,3240
36,84,10
37,60,6300
37,61,327600
37,62,5546520
37,63,19846080
37,64,36239805
37,65,43470000
37,66,41170500
37,67,31764600
37,68,18998910
37,69,10059840
37,70,5775840
37,71,1398600
37,72,461790
37,73,294840
37,74,178920
37,77,360
37,78,12600
37,84,90
38,67,37800
38,68,1420650
38,69,4896360
38,70,9402120
38,71,9984600
38,72,8690850
38,73,5644800
38,74,3304980
38,75,1176840
38,76,563220
38,77,226800
38,79,2520
38,80,27720
38,85,360
39,74,107100
39,75,844200
39,76,1706250
39,77,2201640
39,78,1575000
39,79,982800
39,80,500430
39,81,181440
39,82,7560
39,83,37800
39,87,840
40,80,945
40,81,37800
40,82,239400
40,83,352800
40,84,324450
40,85,169344
40,86,63000
40,87,32760
40,90,1260
41,88,4725
41,89,37800
41,90,59220
41,91,27720
41,92,18270
41,94,1260
42,96,3150
42,97,7560
42,98,2640
42,99,840
43,104,630
43,105,360
44,112,45
45,120,1
